transaction_id,customer_id,ts,amount,type,merchant,channel,atm_owner,pos_scope
TXN_00001,CUST_001,2026-01-01 18:00:00,-5262.83,income,,,,
TXN_00002,CUST_001,2026-01-08 07:32:00,73.84,third_party_payment,transfer,online,,
TXN_00003,CUST_001,2026-01-24 20:44:00,69.9,eft_transfer,transfer,online,,
TXN_00004,CUST_001,2026-01-20 08:51:00,364.64,eft_transfer,transfer,online,,
TXN_00005,CUST_001,2026-01-24 13:21:00,619.11,pos_purchase,fuel,pos,,local
TXN_00006,CUST_001,2026-01-05 02:24:00,166.61,third_party_payment,transfer,online,,
TXN_00007,CUST_001,2026-01-21 08:51:00,319.23,pos_purchase,retail_cashout,pos,,local
TXN_00008,CUST_001,2026-01-31 12:05:00,597.3,pos_purchase,groceries,pos,,local
TXN_00009,CUST_001,2026-01-20 06:45:00,269.88,eft_transfer,transfer,online,,
TXN_00010,CUST_001,2026-01-26 09:05:00,84.37,pos_purchase,fuel,pos,,local
TXN_00011,CUST_001,2026-01-10 14:40:00,699.86,pos_purchase,ecommerce,pos,,local
TXN_00012,CUST_001,2026-01-08 21:17:00,171.99,third_party_payment,transfer,online,,
TXN_00013,CUST_001,2026-01-21 20:10:00,752.49,eft_transfer,transfer,online,,
TXN_00014,CUST_001,2026-01-16 12:17:00,596.85,eft_transfer,transfer,online,,
TXN_00015,CUST_001,2026-01-23 10:53:00,566.12,eft_transfer,transfer,online,,
TXN_00016,CUST_001,2026-01-27 10:25:00,221.79,pos_purchase,groceries,pos,,local
TXN_00017,CUST_001,2026-01-08 20:31:00,99.64,third_party_payment,transfer,online,,
TXN_00018,CUST_001,2026-01-06 08:08:00,713.51,third_party_payment,transfer,online,,
TXN_00019,CUST_001,2026-01-25 18:27:00,608.74,pos_purchase,retail_cashout,pos,,local
TXN_00020,CUST_001,2026-01-06 16:31:00,349.55,eft_transfer,transfer,online,,
TXN_00021,CUST_001,2026-01-06 20:10:00,616.84,pos_purchase,groceries,pos,,local
TXN_00022,CUST_001,2026-01-14 12:38:00,366.62,eft_transfer,transfer,online,,
TXN_00023,CUST_001,2026-01-23 23:07:00,446.84,third_party_payment,transfer,online,,
TXN_00024,CUST_001,2026-01-26 20:21:00,713.59,eft_transfer,transfer,online,,
TXN_00025,CUST_001,2026-01-16 00:46:00,270.13,pos_purchase,fuel,pos,,local
TXN_00026,CUST_001,2026-01-18 03:55:00,247.54,eft_transfer,transfer,online,,
TXN_00027,CUST_001,2026-01-06 11:48:00,273.83,eft_transfer,transfer,online,,
TXN_00028,CUST_001,2026-01-21 10:31:00,454.53,pos_purchase,groceries,pos,,local
TXN_00029,CUST_001,2026-01-30 09:15:00,133.9,pos_purchase,retail_cashout,pos,,local
TXN_00030,CUST_001,2026-01-04 23:31:00,230.65,pos_purchase,groceries,pos,,local
TXN_00031,CUST_001,2026-01-06 21:30:00,783.49,pos_purchase,fuel,pos,,local
TXN_00032,CUST_001,2026-01-08 17:48:00,173.85,eft_transfer,transfer,online,,
TXN_00033,CUST_001,2026-01-14 21:41:00,567.4,eft_transfer,transfer,online,,
TXN_00034,CUST_001,2026-01-30 16:28:00,685.45,atm_withdrawal,,atm,nedbank,
TXN_00035,CUST_001,2026-01-20 17:14:00,28.32,airtime_purchase,airtime,online,,
TXN_00036,CUST_001,2026-01-09 02:57:00,20.93,airtime_purchase,airtime,online,,
TXN_00037,CUST_001,2026-01-18 07:17:00,131.75,airtime_purchase,airtime,online,,
TXN_00038,CUST_001,2026-01-25 18:36:00,207.12,electricity_purchase,utilities,online,,
TXN_00039,CUST_001,2026-01-27 13:12:00,221.5,electricity_purchase,utilities,online,,
TXN_00040,CUST_001,2026-01-13 13:26:00,32.6,airtime_purchase,airtime,online,,
TXN_00041,CUST_001,2026-01-23 20:41:00,531.92,electricity_purchase,utilities,online,,
TXN_00042,CUST_001,2026-01-27 03:15:00,27.88,airtime_purchase,airtime,online,,
TXN_00043,CUST_002,2026-01-02 02:00:00,-10301.37,income,,,,
TXN_00044,CUST_002,2026-01-03 20:34:00,656.02,third_party_payment,transfer,online,,
TXN_00045,CUST_002,2026-01-07 13:31:00,776.75,pos_purchase,fuel,pos,,local
TXN_00046,CUST_002,2026-01-30 01:10:00,210.31,third_party_payment,transfer,online,,
TXN_00047,CUST_002,2026-01-10 14:18:00,51.62,third_party_payment,transfer,online,,
TXN_00048,CUST_002,2026-01-06 06:18:00,572.44,third_party_payment,transfer,online,,
TXN_00049,CUST_002,2026-01-25 10:03:00,776.53,pos_purchase,groceries,pos,,local
TXN_00050,CUST_002,2026-01-03 16:05:00,488.13,pos_purchase,fuel,pos,,local
TXN_00051,CUST_002,2026-01-23 07:25:00,101.39,pos_purchase,groceries,pos,,local
TXN_00052,CUST_002,2026-01-30 18:15:00,355.85,atm_withdrawal,,atm,nedbank,
TXN_00053,CUST_002,2026-01-04 13:42:00,251.66,atm_withdrawal,,atm,nedbank,
TXN_00054,CUST_002,2026-01-31 08:13:00,879.62,atm_withdrawal,,atm,nedbank,
TXN_00055,CUST_002,2026-01-10 12:08:00,608.44,atm_withdrawal,,atm,nedbank,
TXN_00056,CUST_002,2026-01-12 02:00:00,590.0,atm_withdrawal,,atm,nedbank,
TXN_00057,CUST_002,2026-01-05 02:34:00,1497.99,atm_withdrawal,,atm,nedbank,
TXN_00058,CUST_002,2026-01-31 11:56:00,544.76,atm_withdrawal,,atm,nedbank,
TXN_00059,CUST_002,2026-01-11 05:28:00,517.57,atm_withdrawal,,atm,other_bank,
TXN_00060,CUST_002,2026-01-21 20:33:00,1114.6,atm_withdrawal,,atm,nedbank,
TXN_00061,CUST_002,2026-01-11 21:06:00,1262.24,atm_withdrawal,,atm,other_bank,
TXN_00062,CUST_002,2026-01-05 03:47:00,374.58,atm_withdrawal,,atm,nedbank,
TXN_00063,CUST_002,2026-01-21 06:45:00,554.05,atm_withdrawal,,atm,nedbank,
TXN_00064,CUST_002,2026-01-29 08:32:00,1093.75,atm_withdrawal,,atm,nedbank,
TXN_00065,CUST_002,2026-01-29 01:05:00,1376.94,atm_withdrawal,,atm,nedbank,
TXN_00066,CUST_002,2026-01-03 00:21:00,1278.15,atm_withdrawal,,atm,other_bank,
TXN_00067,CUST_002,2026-01-10 05:47:00,1028.25,atm_withdrawal,,atm,nedbank,
TXN_00068,CUST_002,2026-01-04 22:57:00,380.45,electricity_purchase,utilities,online,,
TXN_00069,CUST_002,2026-01-20 17:09:00,90.93,airtime_purchase,airtime,online,,
TXN_00070,CUST_002,2026-01-13 01:57:00,163.72,electricity_purchase,utilities,online,,
TXN_00071,CUST_002,2026-01-23 03:22:00,205.04,electricity_purchase,utilities,online,,
TXN_00072,CUST_002,2026-01-31 07:55:00,586.92,electricity_purchase,utilities,online,,
TXN_00073,CUST_002,2026-01-30 13:01:00,146.91,airtime_purchase,airtime,online,,
TXN_00074,CUST_002,2026-01-27 13:51:00,115.75,airtime_purchase,airtime,online,,
TXN_00075,CUST_002,2026-01-14 01:54:00,54.68,airtime_purchase,airtime,online,,
TXN_00076,CUST_002,2026-01-13 09:52:00,211.22,electricity_purchase,utilities,online,,
TXN_00077,CUST_002,2026-01-14 10:17:00,48.98,airtime_purchase,airtime,online,,
TXN_00078,CUST_002,2026-01-13 20:32:00,145.7,airtime_purchase,airtime,online,,
TXN_00079,CUST_002,2026-01-02 03:56:00,439.76,electricity_purchase,utilities,online,,
TXN_00080,CUST_002,2026-01-03 03:38:00,189.28,electricity_purchase,utilities,online,,
TXN_00081,CUST_003,2026-01-01 12:00:00,-15043.46,income,,,,
TXN_00082,CUST_003,2026-01-24 13:00:00,192.56,eft_transfer,transfer,online,,
TXN_00083,CUST_003,2026-01-13 13:04:00,744.18,eft_transfer,transfer,online,,
TXN_00084,CUST_003,2026-01-23 03:46:00,740.58,eft_transfer,transfer,online,,
TXN_00085,CUST_003,2026-01-12 12:44:00,430.34,third_party_payment,transfer,online,,
TXN_00086,CUST_003,2026-01-15 21:24:00,465.81,third_party_payment,transfer,online,,
TXN_00087,CUST_003,2026-01-21 18:19:00,611.1,eft_transfer,transfer,online,,
TXN_00088,CUST_003,2026-01-11 09:13:00,460.95,third_party_payment,transfer,online,,
TXN_00089,CUST_003,2026-01-16 14:28:00,639.32,third_party_payment,transfer,online,,
TXN_00090,CUST_003,2026-01-27 23:10:00,210.28,eft_transfer,transfer,online,,
TXN_00091,CUST_003,2026-01-04 07:43:00,113.6,eft_transfer,transfer,online,,
TXN_00092,CUST_003,2026-01-06 00:02:00,218.48,third_party_payment,transfer,online,,
TXN_00093,CUST_003,2026-01-16 13:56:00,787.95,pos_purchase,groceries,pos,,local
TXN_00094,CUST_003,2026-01-17 12:15:00,481.75,eft_transfer,transfer,online,,
TXN_00095,CUST_003,2026-01-30 03:49:00,542.04,pos_purchase,groceries,pos,,local
TXN_00096,CUST_003,2026-01-03 17:15:00,214.13,third_party_payment,transfer,online,,
TXN_00097,CUST_003,2026-01-23 16:35:00,392.35,pos_purchase,ecommerce,pos,,local
TXN_00098,CUST_003,2026-01-21 23:57:00,287.97,eft_transfer,transfer,online,,
TXN_00099,CUST_003,2026-01-30 05:47:00,370.06,eft_transfer,transfer,online,,
TXN_00100,CUST_003,2026-01-28 20:17:00,387.55,third_party_payment,transfer,online,,
TXN_00101,CUST_003,2026-01-10 14:04:00,413.45,eft_transfer,transfer,online,,
TXN_00102,CUST_003,2026-01-12 10:57:00,264.3,eft_transfer,transfer,online,,
TXN_00103,CUST_003,2026-01-09 12:44:00,110.43,eft_transfer,transfer,online,,
TXN_00104,CUST_003,2026-01-15 13:21:00,579.81,pos_purchase,groceries,pos,,local
TXN_00105,CUST_003,2026-01-08 13:24:00,399.44,eft_transfer,transfer,online,,
TXN_00106,CUST_003,2026-01-29 18:24:00,759.55,eft_transfer,transfer,online,,
TXN_00107,CUST_003,2026-01-11 12:54:00,54.42,third_party_payment,transfer,online,,
TXN_00108,CUST_003,2026-01-28 13:34:00,1359.13,atm_withdrawal,,atm,other_bank,
TXN_00109,CUST_003,2026-01-21 07:31:00,909.97,atm_withdrawal,,atm,nedbank,
TXN_00110,CUST_003,2026-01-02 12:21:00,766.59,atm_withdrawal,,atm,nedbank,
TXN_00111,CUST_003,2026-01-25 05:53:00,1237.59,atm_withdrawal,,atm,nedbank,
TXN_00112,CUST_003,2026-01-21 17:01:00,365.92,atm_withdrawal,,atm,other_bank,
TXN_00113,CUST_003,2026-01-23 00:05:00,969.46,atm_withdrawal,,atm,nedbank,
TXN_00114,CUST_003,2026-01-16 05:03:00,376.41,atm_withdrawal,,atm,nedbank,
TXN_00115,CUST_003,2026-01-12 12:17:00,205.83,electricity_purchase,utilities,online,,
TXN_00116,CUST_003,2026-01-17 00:47:00,226.14,electricity_purchase,utilities,online,,
TXN_00117,CUST_003,2026-01-09 20:04:00,149.99,airtime_purchase,airtime,online,,
TXN_00118,CUST_003,2026-01-08 00:39:00,118.05,airtime_purchase,airtime,online,,
TXN_00119,CUST_003,2026-01-23 03:36:00,51.01,airtime_purchase,airtime,online,,
TXN_00120,CUST_003,2026-01-26 11:10:00,80.45,airtime_purchase,airtime,online,,
TXN_00121,CUST_003,2026-01-11 03:37:00,121.11,airtime_purchase,airtime,online,,
TXN_00122,CUST_003,2026-01-14 22:12:00,140.76,airtime_purchase,airtime,online,,
TXN_00123,CUST_003,2026-01-05 22:49:00,96.97,airtime_purchase,airtime,online,,
TXN_00124,CUST_004,2026-01-03 17:00:00,-30433.94,income,,,,
TXN_00125,CUST_004,2026-01-18 20:21:00,546.14,third_party_payment,transfer,online,,
TXN_00126,CUST_004,2026-01-05 13:23:00,687.18,pos_purchase,ecommerce,pos,,local
TXN_00127,CUST_004,2026-01-24 04:27:00,718.68,eft_transfer,transfer,online,,
TXN_00128,CUST_004,2026-01-21 17:49:00,600.35,pos_purchase,retail_cashout,pos,,local
TXN_00129,CUST_004,2026-01-12 07:53:00,398.66,third_party_payment,transfer,online,,
TXN_00130,CUST_004,2026-01-09 14:36:00,259.2,pos_purchase,ecommerce,pos,,local
TXN_00131,CUST_004,2026-01-02 15:54:00,551.14,eft_transfer,transfer,online,,
TXN_00132,CUST_004,2026-01-13 08:21:00,186.38,third_party_payment,transfer,online,,
TXN_00133,CUST_004,2026-01-19 00:33:00,710.24,third_party_payment,transfer,online,,
TXN_00134,CUST_004,2026-01-17 17:48:00,114.21,pos_purchase,ecommerce,pos,,local
TXN_00135,CUST_004,2026-01-16 00:05:00,567.96,pos_purchase,ecommerce,pos,,local
TXN_00136,CUST_004,2026-01-11 21:37:00,216.2,third_party_payment,transfer,online,,
TXN_00137,CUST_004,2026-01-15 23:35:00,404.95,third_party_payment,transfer,online,,
TXN_00138,CUST_004,2026-01-10 09:16:00,313.86,third_party_payment,transfer,online,,
TXN_00139,CUST_004,2026-01-12 03:47:00,140.49,pos_purchase,fuel,pos,,local
TXN_00140,CUST_004,2026-01-08 06:47:00,763.16,eft_transfer,transfer,online,,
TXN_00141,CUST_004,2026-01-05 06:18:00,257.37,third_party_payment,transfer,online,,
TXN_00142,CUST_004,2026-01-02 22:34:00,320.66,pos_purchase,retail_cashout,pos,,local
TXN_00143,CUST_004,2026-01-19 09:44:00,255.73,pos_purchase,groceries,pos,,local
TXN_00144,CUST_004,2026-01-05 00:36:00,528.4,pos_purchase,ecommerce,pos,,local
TXN_00145,CUST_004,2026-01-17 14:21:00,569.64,atm_withdrawal,,atm,nedbank,
TXN_00146,CUST_004,2026-01-29 15:07:00,266.79,atm_withdrawal,,atm,other_bank,
TXN_00147,CUST_004,2026-01-04 18:40:00,720.92,atm_withdrawal,,atm,nedbank,
TXN_00148,CUST_004,2026-01-04 07:07:00,39.4,airtime_purchase,airtime,online,,
TXN_00149,CUST_004,2026-01-26 16:24:00,403.16,electricity_purchase,utilities,online,,
TXN_00150,CUST_004,2026-01-29 18:27:00,554.25,electricity_purchase,utilities,online,,
TXN_00151,CUST_004,2026-01-21 23:06:00,384.31,electricity_purchase,utilities,online,,
TXN_00152,CUST_004,2026-01-23 02:10:00,101.32,airtime_purchase,airtime,online,,
TXN_00153,CUST_004,2026-01-07 00:26:00,42.6,airtime_purchase,airtime,online,,
TXN_00154,CUST_004,2026-01-11 01:14:00,444.69,electricity_purchase,utilities,online,,
TXN_00155,CUST_004,2026-01-04 21:14:00,453.48,electricity_purchase,utilities,online,,
TXN_00156,CUST_004,2026-01-15 03:34:00,493.91,electricity_purchase,utilities,online,,
TXN_00157,CUST_005,2026-01-03 19:00:00,-24252.86,income,,,,
TXN_00158,CUST_005,2026-01-16 03:29:00,668.18,eft_transfer,transfer,online,,
TXN_00159,CUST_005,2026-01-10 16:34:00,278.07,eft_transfer,transfer,online,,
TXN_00160,CUST_005,2026-01-30 13:47:00,378.32,third_party_payment,transfer,online,,
TXN_00161,CUST_005,2026-01-04 07:43:00,502.79,third_party_payment,transfer,online,,
TXN_00162,CUST_005,2026-01-26 21:52:00,490.34,eft_transfer,transfer,online,,
TXN_00163,CUST_005,2026-01-17 16:41:00,482.19,third_party_payment,transfer,online,,
TXN_00164,CUST_005,2026-01-20 13:40:00,737.05,third_party_payment,transfer,online,,
TXN_00165,CUST_005,2026-01-13 13:21:00,776.79,third_party_payment,transfer,online,,
TXN_00166,CUST_005,2026-01-12 13:44:00,552.6,third_party_payment,transfer,online,,
TXN_00167,CUST_005,2026-01-28 17:02:00,266.16,third_party_payment,transfer,online,,
TXN_00168,CUST_005,2026-01-12 03:49:00,116.04,third_party_payment,transfer,online,,
TXN_00169,CUST_005,2026-01-23 17:29:00,698.68,third_party_payment,transfer,online,,
TXN_00170,CUST_005,2026-01-08 16:23:00,737.22,atm_withdrawal,,atm,nedbank,
TXN_00171,CUST_005,2026-01-16 01:13:00,848.04,atm_withdrawal,,atm,nedbank,
TXN_00172,CUST_005,2026-01-11 14:56:00,370.32,atm_withdrawal,,atm,nedbank,
TXN_00173,CUST_005,2026-01-22 19:51:00,357.85,atm_withdrawal,,atm,nedbank,
TXN_00174,CUST_005,2026-01-19 00:35:00,405.89,atm_withdrawal,,atm,nedbank,
TXN_00175,CUST_005,2026-01-28 03:29:00,492.11,atm_withdrawal,,atm,other_bank,
TXN_00176,CUST_005,2026-01-06 15:59:00,1042.02,atm_withdrawal,,atm,other_bank,
TXN_00177,CUST_005,2026-01-17 07:29:00,307.75,electricity_purchase,utilities,online,,
TXN_00178,CUST_005,2026-01-29 02:17:00,69.87,airtime_purchase,airtime,online,,
TXN_00179,CUST_005,2026-01-28 00:18:00,269.94,electricity_purchase,utilities,online,,
TXN_00180,CUST_005,2026-01-29 04:28:00,518.74,electricity_purchase,utilities,online,,
TXN_00181,CUST_005,2026-01-16 10:55:00,272.56,electricity_purchase,utilities,online,,
TXN_00182,CUST_005,2026-01-20 12:14:00,147.5,airtime_purchase,airtime,online,,
TXN_00183,CUST_005,2026-01-24 12:24:00,121.82,electricity_purchase,utilities,online,,
TXN_00184,CUST_005,2026-01-06 16:37:00,84.39,airtime_purchase,airtime,online,,
TXN_00185,CUST_005,2026-01-05 16:58:00,534.85,electricity_purchase,utilities,online,,
TXN_00186,CUST_005,2026-01-15 20:09:00,107.67,electricity_purchase,utilities,online,,
TXN_00187,CUST_005,2026-01-12 19:44:00,81.03,airtime_purchase,airtime,online,,
TXN_00188,CUST_005,2026-01-29 21:54:00,424.92,electricity_purchase,utilities,online,,
TXN_00189,CUST_005,2026-01-29 17:02:00,577.07,electricity_purchase,utilities,online,,
TXN_00190,CUST_005,2026-01-09 23:05:00,50.52,airtime_purchase,airtime,online,,
TXN_00191,CUST_006,2026-01-03 00:00:00,-34339.3,income,,,,
TXN_00192,CUST_006,2026-01-11 11:23:00,293.28,pos_purchase,groceries,pos,,local
TXN_00193,CUST_006,2026-01-20 21:50:00,159.18,third_party_payment,transfer,online,,
TXN_00194,CUST_006,2026-01-21 12:39:00,177.49,pos_purchase,groceries,pos,,local
TXN_00195,CUST_006,2026-01-09 14:40:00,230.62,eft_transfer,transfer,online,,
TXN_00196,CUST_006,2026-01-30 14:57:00,394.68,third_party_payment,transfer,online,,
TXN_00197,CUST_006,2026-01-04 14:22:00,558.21,third_party_payment,transfer,online,,
TXN_00198,CUST_006,2026-01-24 08:29:00,274.37,eft_transfer,transfer,online,,
TXN_00199,CUST_006,2026-01-29 15:06:00,199.41,third_party_payment,transfer,online,,
TXN_00200,CUST_006,2026-01-20 09:44:00,336.02,pos_purchase,retail_cashout,pos,,local
TXN_00201,CUST_006,2026-01-10 00:36:00,66.45,third_party_payment,transfer,online,,
TXN_00202,CUST_006,2026-01-31 19:47:00,633.73,eft_transfer,transfer,online,,
TXN_00203,CUST_006,2026-01-26 07:38:00,674.63,third_party_payment,transfer,online,,
TXN_00204,CUST_006,2026-01-21 08:43:00,214.25,third_party_payment,transfer,online,,
TXN_00205,CUST_006,2026-01-22 03:57:00,625.6,eft_transfer,transfer,online,,
TXN_00206,CUST_006,2026-01-27 14:02:00,534.76,eft_transfer,transfer,online,,
TXN_00207,CUST_006,2026-01-04 09:20:00,323.65,eft_transfer,transfer,online,,
TXN_00208,CUST_006,2026-01-06 17:56:00,361.63,eft_transfer,transfer,online,,
TXN_00209,CUST_006,2026-01-28 05:16:00,448.14,third_party_payment,transfer,online,,
TXN_00210,CUST_006,2026-01-25 10:51:00,775.54,third_party_payment,transfer,online,,
TXN_00211,CUST_006,2026-01-06 07:55:00,401.25,pos_purchase,groceries,pos,,local
TXN_00212,CUST_006,2026-01-23 12:54:00,1079.22,atm_withdrawal,,atm,other_bank,
TXN_00213,CUST_006,2026-01-27 12:00:00,675.51,atm_withdrawal,,atm,nedbank,
TXN_00214,CUST_006,2026-01-13 21:47:00,360.67,atm_withdrawal,,atm,nedbank,
TXN_00215,CUST_006,2026-01-28 20:23:00,959.93,atm_withdrawal,,atm,nedbank,
TXN_00216,CUST_006,2026-01-31 19:14:00,81.29,airtime_purchase,airtime,online,,
TXN_00217,CUST_006,2026-01-31 22:19:00,102.6,airtime_purchase,airtime,online,,
TXN_00218,CUST_006,2026-01-03 09:31:00,158.34,electricity_purchase,utilities,online,,
TXN_00219,CUST_006,2026-01-14 14:23:00,32.63,airtime_purchase,airtime,online,,
TXN_00220,CUST_006,2026-01-30 13:41:00,393.67,electricity_purchase,utilities,online,,
TXN_00221,CUST_006,2026-01-10 01:44:00,128.38,airtime_purchase,airtime,online,,
TXN_00222,CUST_006,2026-01-09 11:06:00,208.63,electricity_purchase,utilities,online,,
TXN_00223,CUST_006,2026-01-03 12:17:00,372.23,electricity_purchase,utilities,online,,
TXN_00224,CUST_007,2026-01-01 01:00:00,-34030.31,income,,,,
TXN_00225,CUST_007,2026-01-27 18:13:00,232.68,third_party_payment,transfer,online,,
TXN_00226,CUST_007,2026-01-20 06:52:00,672.36,pos_purchase,fuel,pos,,local
TXN_00227,CUST_007,2026-01-27 19:00:00,296.42,pos_purchase,fuel,pos,,local
TXN_00228,CUST_007,2026-01-06 17:16:00,693.8,third_party_payment,transfer,online,,
TXN_00229,CUST_007,2026-01-06 00:22:00,132.44,pos_purchase,groceries,pos,,local
TXN_00230,CUST_007,2026-01-07 08:03:00,491.64,pos_purchase,groceries,pos,,local
TXN_00231,CUST_007,2026-01-25 02:30:00,606.29,pos_purchase,groceries,pos,,local
TXN_00232,CUST_007,2026-01-16 16:14:00,633.51,third_party_payment,transfer,online,,
TXN_00233,CUST_007,2026-01-16 20:01:00,82.52,eft_transfer,transfer,online,,
TXN_00234,CUST_007,2026-01-15 21:06:00,798.94,pos_purchase,ecommerce,pos,,local
TXN_00235,CUST_007,2026-01-04 02:20:00,584.3,third_party_payment,transfer,online,,
TXN_00236,CUST_007,2026-01-10 19:40:00,161.25,eft_transfer,transfer,online,,
TXN_00237,CUST_007,2026-01-14 19:33:00,461.27,eft_transfer,transfer,online,,
TXN_00238,CUST_007,2026-01-05 22:07:00,390.29,third_party_payment,transfer,online,,
TXN_00239,CUST_007,2026-01-15 14:56:00,538.19,eft_transfer,transfer,online,,
TXN_00240,CUST_007,2026-01-14 13:46:00,360.36,pos_purchase,ecommerce,pos,,local
TXN_00241,CUST_007,2026-01-15 10:42:00,323.61,atm_withdrawal,,atm,nedbank,
TXN_00242,CUST_007,2026-01-23 15:04:00,1439.67,atm_withdrawal,,atm,nedbank,
TXN_00243,CUST_007,2026-01-15 03:47:00,310.97,atm_withdrawal,,atm,other_bank,
TXN_00244,CUST_007,2026-01-19 01:37:00,1255.3,atm_withdrawal,,atm,other_bank,
TXN_00245,CUST_007,2026-01-23 03:26:00,930.19,atm_withdrawal,,atm,nedbank,
TXN_00246,CUST_007,2026-01-26 13:55:00,1064.94,atm_withdrawal,,atm,other_bank,
TXN_00247,CUST_007,2026-01-11 19:19:00,266.88,atm_withdrawal,,atm,nedbank,
TXN_00248,CUST_007,2026-01-08 04:42:00,951.29,atm_withdrawal,,atm,nedbank,
TXN_00249,CUST_007,2026-01-13 17:23:00,1301.46,atm_withdrawal,,atm,nedbank,
TXN_00250,CUST_007,2026-01-09 13:54:00,562.14,atm_withdrawal,,atm,nedbank,
TXN_00251,CUST_007,2026-01-02 05:17:00,99.17,airtime_purchase,airtime,online,,
TXN_00252,CUST_007,2026-01-02 05:55:00,560.77,electricity_purchase,utilities,online,,
TXN_00253,CUST_007,2026-01-04 04:47:00,93.62,airtime_purchase,airtime,online,,
TXN_00254,CUST_007,2026-01-14 13:29:00,31.93,airtime_purchase,airtime,online,,
TXN_00255,CUST_007,2026-01-25 10:49:00,178.7,electricity_purchase,utilities,online,,
TXN_00256,CUST_007,2026-01-07 19:03:00,134.83,airtime_purchase,airtime,online,,
TXN_00257,CUST_007,2026-01-17 19:28:00,55.37,airtime_purchase,airtime,online,,
TXN_00258,CUST_007,2026-01-13 13:07:00,236.58,electricity_purchase,utilities,online,,
TXN_00259,CUST_007,2026-01-18 21:19:00,439.11,electricity_purchase,utilities,online,,
TXN_00260,CUST_007,2026-01-02 06:19:00,48.67,airtime_purchase,airtime,online,,
TXN_00261,CUST_007,2026-01-11 10:07:00,119.76,airtime_purchase,airtime,online,,
TXN_00262,CUST_007,2026-01-07 04:24:00,84.66,airtime_purchase,airtime,online,,
TXN_00263,CUST_007,2026-01-04 12:55:00,85.03,airtime_purchase,airtime,online,,
TXN_00264,CUST_007,2026-01-31 02:55:00,76.71,airtime_purchase,airtime,online,,
TXN_00265,CUST_007,2026-01-24 20:26:00,387.88,electricity_purchase,utilities,online,,
TXN_00266,CUST_007,2026-01-12 05:51:00,157.59,electricity_purchase,utilities,online,,
TXN_00267,CUST_007,2026-01-04 13:54:00,516.01,electricity_purchase,utilities,online,,
TXN_00268,CUST_008,2026-01-03 07:00:00,-11921.15,income,,,,
TXN_00269,CUST_008,2026-01-18 20:07:00,634.34,third_party_payment,transfer,online,,
TXN_00270,CUST_008,2026-01-13 23:52:00,432.46,eft_transfer,transfer,online,,
TXN_00271,CUST_008,2026-01-05 04:16:00,661.28,eft_transfer,transfer,online,,
TXN_00272,CUST_008,2026-01-26 20:04:00,180.12,pos_purchase,fuel,pos,,local
TXN_00273,CUST_008,2026-01-16 18:48:00,763.47,pos_purchase,ecommerce,pos,,local
TXN_00274,CUST_008,2026-01-29 20:20:00,386.68,eft_transfer,transfer,online,,
TXN_00275,CUST_008,2026-01-16 20:19:00,379.82,pos_purchase,ecommerce,pos,,local
TXN_00276,CUST_008,2026-01-20 01:22:00,1235.23,atm_withdrawal,,atm,nedbank,
TXN_00277,CUST_008,2026-01-16 01:03:00,603.53,atm_withdrawal,,atm,nedbank,
TXN_00278,CUST_008,2026-01-22 02:39:00,573.2,atm_withdrawal,,atm,nedbank,
TXN_00279,CUST_008,2026-01-20 17:50:00,699.83,atm_withdrawal,,atm,other_bank,
TXN_00280,CUST_008,2026-01-31 18:41:00,253.33,atm_withdrawal,,atm,nedbank,
TXN_00281,CUST_008,2026-01-18 04:03:00,986.51,atm_withdrawal,,atm,nedbank,
TXN_00282,CUST_008,2026-01-28 10:45:00,1254.26,atm_withdrawal,,atm,nedbank,
TXN_00283,CUST_008,2026-01-03 07:45:00,1039.97,atm_withdrawal,,atm,nedbank,
TXN_00284,CUST_008,2026-01-18 19:10:00,771.25,atm_withdrawal,,atm,nedbank,
TXN_00285,CUST_008,2026-01-14 13:49:00,1393.32,atm_withdrawal,,atm,nedbank,
TXN_00286,CUST_008,2026-01-27 20:41:00,977.25,atm_withdrawal,,atm,nedbank,
TXN_00287,CUST_008,2026-01-19 21:24:00,628.6,atm_withdrawal,,atm,nedbank,
TXN_00288,CUST_008,2026-01-23 19:55:00,1140.85,atm_withdrawal,,atm,nedbank,
TXN_00289,CUST_008,2026-01-23 04:58:00,305.95,atm_withdrawal,,atm,nedbank,
TXN_00290,CUST_008,2026-01-24 21:25:00,1458.01,atm_withdrawal,,atm,nedbank,
TXN_00291,CUST_008,2026-01-04 09:35:00,1121.48,atm_withdrawal,,atm,nedbank,
TXN_00292,CUST_008,2026-01-22 21:27:00,506.59,electricity_purchase,utilities,online,,
TXN_00293,CUST_008,2026-01-07 06:21:00,109.12,electricity_purchase,utilities,online,,
TXN_00294,CUST_008,2026-01-06 02:18:00,196.0,electricity_purchase,utilities,online,,
TXN_00295,CUST_008,2026-01-23 10:56:00,86.0,airtime_purchase,airtime,online,,
TXN_00296,CUST_008,2026-01-07 05:53:00,97.64,airtime_purchase,airtime,online,,
TXN_00297,CUST_008,2026-01-15 11:43:00,113.75,airtime_purchase,airtime,online,,
TXN_00298,CUST_008,2026-01-26 23:50:00,146.05,airtime_purchase,airtime,online,,
TXN_00299,CUST_008,2026-01-11 15:57:00,217.0,electricity_purchase,utilities,online,,
TXN_00300,CUST_008,2026-01-16 09:49:00,67.82,airtime_purchase,airtime,online,,
TXN_00301,CUST_008,2026-01-07 06:51:00,351.45,electricity_purchase,utilities,online,,
TXN_00302,CUST_008,2026-01-22 15:55:00,133.49,airtime_purchase,airtime,online,,
TXN_00303,CUST_008,2026-01-24 16:54:00,377.27,electricity_purchase,utilities,online,,
TXN_00304,CUST_008,2026-01-10 14:57:00,57.06,airtime_purchase,airtime,online,,
TXN_00305,CUST_008,2026-01-31 07:52:00,128.04,airtime_purchase,airtime,online,,
TXN_00306,CUST_008,2026-01-15 01:25:00,542.31,electricity_purchase,utilities,online,,
TXN_00307,CUST_008,2026-01-13 07:01:00,217.89,electricity_purchase,utilities,online,,
TXN_00308,CUST_008,2026-01-27 04:08:00,565.41,electricity_purchase,utilities,online,,
TXN_00309,CUST_009,2026-01-01 02:00:00,-13249.82,income,,,,
TXN_00310,CUST_009,2026-01-19 23:38:00,241.94,pos_purchase,fuel,pos,,local
TXN_00311,CUST_009,2026-01-09 09:07:00,367.44,eft_transfer,transfer,online,,
TXN_00312,CUST_009,2026-01-04 03:53:00,228.83,pos_purchase,ecommerce,pos,,local
TXN_00313,CUST_009,2026-01-22 16:36:00,497.55,third_party_payment,transfer,online,,
TXN_00314,CUST_009,2026-01-15 00:39:00,588.91,pos_purchase,retail_cashout,pos,,local
TXN_00315,CUST_009,2026-01-07 21:42:00,230.42,third_party_payment,transfer,online,,
TXN_00316,CUST_009,2026-01-04 16:34:00,442.61,pos_purchase,retail_cashout,pos,,local
TXN_00317,CUST_009,2026-01-14 15:02:00,639.81,eft_transfer,transfer,online,,
TXN_00318,CUST_009,2026-01-10 23:01:00,340.16,eft_transfer,transfer,online,,
TXN_00319,CUST_009,2026-01-09 23:42:00,641.39,third_party_payment,transfer,online,,
TXN_00320,CUST_009,2026-01-06 01:22:00,127.75,eft_transfer,transfer,online,,
TXN_00321,CUST_009,2026-01-28 21:29:00,303.91,eft_transfer,transfer,online,,
TXN_00322,CUST_009,2026-01-27 04:04:00,408.9,eft_transfer,transfer,online,,
TXN_00323,CUST_009,2026-01-03 09:12:00,632.14,eft_transfer,transfer,online,,
TXN_00324,CUST_009,2026-01-12 09:32:00,643.33,pos_purchase,groceries,pos,,local
TXN_00325,CUST_009,2026-01-10 01:48:00,791.84,third_party_payment,transfer,online,,
TXN_00326,CUST_009,2026-01-29 01:55:00,193.33,eft_transfer,transfer,online,,
TXN_00327,CUST_009,2026-01-10 03:51:00,1052.45,atm_withdrawal,,atm,nedbank,
TXN_00328,CUST_009,2026-01-25 14:57:00,1356.33,atm_withdrawal,,atm,other_bank,
TXN_00329,CUST_009,2026-01-07 15:44:00,640.75,atm_withdrawal,,atm,nedbank,
TXN_00330,CUST_009,2026-01-18 08:51:00,1401.6,atm_withdrawal,,atm,nedbank,
TXN_00331,CUST_009,2026-01-15 19:52:00,751.85,atm_withdrawal,,atm,nedbank,
TXN_00332,CUST_009,2026-01-05 02:20:00,581.9,atm_withdrawal,,atm,nedbank,
TXN_00333,CUST_009,2026-01-21 22:27:00,598.44,atm_withdrawal,,atm,nedbank,
TXN_00334,CUST_009,2026-01-16 01:46:00,777.08,atm_withdrawal,,atm,other_bank,
TXN_00335,CUST_009,2026-01-15 08:40:00,658.33,atm_withdrawal,,atm,other_bank,
TXN_00336,CUST_009,2026-01-13 16:51:00,29.76,airtime_purchase,airtime,online,,
TXN_00337,CUST_009,2026-01-29 19:43:00,143.86,airtime_purchase,airtime,online,,
TXN_00338,CUST_009,2026-01-09 20:23:00,117.4,electricity_purchase,utilities,online,,
TXN_00339,CUST_009,2026-01-21 04:43:00,291.43,electricity_purchase,utilities,online,,
TXN_00340,CUST_009,2026-01-16 02:36:00,574.41,electricity_purchase,utilities,online,,
TXN_00341,CUST_009,2026-01-12 20:17:00,88.83,airtime_purchase,airtime,online,,
TXN_00342,CUST_009,2026-01-25 05:31:00,144.87,airtime_purchase,airtime,online,,
TXN_00343,CUST_010,2026-01-04 06:00:00,-16303.12,income,,,,
TXN_00344,CUST_010,2026-01-08 03:08:00,264.18,eft_transfer,transfer,online,,
TXN_00345,CUST_010,2026-01-04 21:54:00,389.03,pos_purchase,ecommerce,pos,,local
TXN_00346,CUST_010,2026-01-19 17:18:00,550.88,third_party_payment,transfer,online,,
TXN_00347,CUST_010,2026-01-27 11:32:00,688.52,third_party_payment,transfer,online,,
TXN_00348,CUST_010,2026-01-27 04:15:00,141.02,pos_purchase,fuel,pos,,local
TXN_00349,CUST_010,2026-01-16 17:08:00,69.71,third_party_payment,transfer,online,,
TXN_00350,CUST_010,2026-01-11 12:45:00,713.18,eft_transfer,transfer,online,,
TXN_00351,CUST_010,2026-01-26 13:52:00,409.0,eft_transfer,transfer,online,,
TXN_00352,CUST_010,2026-01-22 02:28:00,105.31,eft_transfer,transfer,online,,
TXN_00353,CUST_010,2026-01-06 17:40:00,560.08,third_party_payment,transfer,online,,
TXN_00354,CUST_010,2026-01-26 04:27:00,964.12,atm_withdrawal,,atm,nedbank,
TXN_00355,CUST_010,2026-01-28 03:33:00,1328.68,atm_withdrawal,,atm,nedbank,
TXN_00356,CUST_010,2026-01-12 22:14:00,414.05,atm_withdrawal,,atm,nedbank,
TXN_00357,CUST_010,2026-01-30 09:54:00,1423.18,atm_withdrawal,,atm,nedbank,
TXN_00358,CUST_010,2026-01-19 08:08:00,455.19,atm_withdrawal,,atm,nedbank,
TXN_00359,CUST_010,2026-01-04 16:41:00,998.76,atm_withdrawal,,atm,nedbank,
TXN_00360,CUST_010,2026-01-06 05:42:00,1424.09,atm_withdrawal,,atm,nedbank,
TXN_00361,CUST_010,2026-01-12 18:02:00,1372.6,atm_withdrawal,,atm,other_bank,
TXN_00362,CUST_010,2026-01-03 20:49:00,236.89,atm_withdrawal,,atm,nedbank,
TXN_00363,CUST_010,2026-01-26 18:26:00,1046.47,atm_withdrawal,,atm,nedbank,
TXN_00364,CUST_010,2026-01-30 20:34:00,239.37,atm_withdrawal,,atm,nedbank,
TXN_00365,CUST_010,2026-01-17 07:51:00,1443.65,atm_withdrawal,,atm,other_bank,
TXN_00366,CUST_010,2026-01-16 02:44:00,727.92,atm_withdrawal,,atm,nedbank,
TXN_00367,CUST_010,2026-01-17 14:13:00,771.49,atm_withdrawal,,atm,nedbank,
TXN_00368,CUST_010,2026-01-29 22:20:00,386.77,atm_withdrawal,,atm,other_bank,
TXN_00369,CUST_010,2026-01-14 04:48:00,1319.01,atm_withdrawal,,atm,nedbank,
TXN_00370,CUST_010,2026-01-12 07:29:00,930.15,atm_withdrawal,,atm,nedbank,
TXN_00371,CUST_010,2026-01-03 09:24:00,223.96,electricity_purchase,utilities,online,,
TXN_00372,CUST_010,2026-01-28 10:59:00,224.14,electricity_purchase,utilities,online,,
TXN_00373,CUST_010,2026-01-17 16:29:00,194.92,electricity_purchase,utilities,online,,
TXN_00374,CUST_010,2026-01-02 02:25:00,539.54,electricity_purchase,utilities,online,,
TXN_00375,CUST_010,2026-01-20 11:03:00,583.34,electricity_purchase,utilities,online,,
TXN_00376,CUST_011,2026-01-01 03:00:00,-13081.37,income,,,,
TXN_00377,CUST_011,2026-01-25 11:48:00,150.45,third_party_payment,transfer,online,,
TXN_00378,CUST_011,2026-01-03 18:35:00,324.45,third_party_payment,transfer,online,,
TXN_00379,CUST_011,2026-01-04 12:32:00,321.89,pos_purchase,retail_cashout,pos,,local
TXN_00380,CUST_011,2026-01-28 19:43:00,623.3,third_party_payment,transfer,online,,
TXN_00381,CUST_011,2026-01-14 11:50:00,139.11,eft_transfer,transfer,online,,
TXN_00382,CUST_011,2026-01-26 04:12:00,468.37,third_party_payment,transfer,online,,
TXN_00383,CUST_011,2026-01-03 01:08:00,431.84,eft_transfer,transfer,online,,
TXN_00384,CUST_011,2026-01-27 15:33:00,1127.67,atm_withdrawal,,atm,nedbank,
TXN_00385,CUST_011,2026-01-18 04:20:00,988.14,atm_withdrawal,,atm,other_bank,
TXN_00386,CUST_011,2026-01-14 19:47:00,614.09,atm_withdrawal,,atm,other_bank,
TXN_00387,CUST_011,2026-01-18 16:34:00,971.84,atm_withdrawal,,atm,nedbank,
TXN_00388,CUST_011,2026-01-17 00:23:00,931.8,atm_withdrawal,,atm,nedbank,
TXN_00389,CUST_011,2026-01-15 18:19:00,342.49,atm_withdrawal,,atm,other_bank,
TXN_00390,CUST_011,2026-01-24 20:01:00,1142.92,atm_withdrawal,,atm,nedbank,
TXN_00391,CUST_011,2026-01-22 18:36:00,545.19,atm_withdrawal,,atm,nedbank,
TXN_00392,CUST_011,2026-01-17 05:33:00,266.76,atm_withdrawal,,atm,nedbank,
TXN_00393,CUST_011,2026-01-28 12:09:00,1005.66,atm_withdrawal,,atm,other_bank,
TXN_00394,CUST_011,2026-01-20 22:07:00,514.86,atm_withdrawal,,atm,nedbank,
TXN_00395,CUST_011,2026-01-15 04:26:00,773.35,atm_withdrawal,,atm,nedbank,
TXN_00396,CUST_011,2026-01-26 19:58:00,733.49,atm_withdrawal,,atm,nedbank,
TXN_00397,CUST_011,2026-01-25 01:45:00,1302.89,atm_withdrawal,,atm,nedbank,
TXN_00398,CUST_011,2026-01-12 21:30:00,469.54,atm_withdrawal,,atm,nedbank,
TXN_00399,CUST_011,2026-01-07 14:58:00,607.88,atm_withdrawal,,atm,nedbank,
TXN_00400,CUST_011,2026-01-23 23:43:00,910.16,atm_withdrawal,,atm,nedbank,
TXN_00401,CUST_011,2026-01-21 15:12:00,1101.31,atm_withdrawal,,atm,other_bank,
TXN_00402,CUST_011,2026-01-11 07:19:00,562.71,atm_withdrawal,,atm,other_bank,
TXN_00403,CUST_011,2026-01-24 22:31:00,1116.37,atm_withdrawal,,atm,nedbank,
TXN_00404,CUST_011,2026-01-31 23:17:00,653.44,atm_withdrawal,,atm,nedbank,
TXN_00405,CUST_011,2026-01-19 12:57:00,945.52,atm_withdrawal,,atm,other_bank,
TXN_00406,CUST_011,2026-01-11 01:18:00,577.3,electricity_purchase,utilities,online,,
TXN_00407,CUST_011,2026-01-22 08:47:00,65.03,airtime_purchase,airtime,online,,
TXN_00408,CUST_011,2026-01-31 17:44:00,206.99,electricity_purchase,utilities,online,,
TXN_00409,CUST_011,2026-01-09 01:42:00,168.64,electricity_purchase,utilities,online,,
TXN_00410,CUST_011,2026-01-05 13:21:00,102.93,airtime_purchase,airtime,online,,
TXN_00411,CUST_011,2026-01-02 17:59:00,150.27,electricity_purchase,utilities,online,,
TXN_00412,CUST_011,2026-01-17 20:12:00,72.9,airtime_purchase,airtime,online,,
TXN_00413,CUST_011,2026-01-31 02:41:00,260.58,electricity_purchase,utilities,online,,
TXN_00414,CUST_011,2026-01-31 05:26:00,89.57,airtime_purchase,airtime,online,,
TXN_00415,CUST_011,2026-01-28 12:50:00,141.41,airtime_purchase,airtime,online,,
TXN_00416,CUST_011,2026-01-30 01:00:00,193.16,electricity_purchase,utilities,online,,
TXN_00417,CUST_011,2026-01-31 10:18:00,383.98,electricity_purchase,utilities,online,,
TXN_00418,CUST_011,2026-01-30 04:54:00,594.55,electricity_purchase,utilities,online,,
TXN_00419,CUST_011,2026-01-12 05:46:00,236.42,electricity_purchase,utilities,online,,
TXN_00420,CUST_011,2026-01-02 23:21:00,424.14,electricity_purchase,utilities,online,,
TXN_00421,CUST_012,2026-01-04 13:00:00,-21817.33,income,,,,
TXN_00422,CUST_012,2026-01-23 03:11:00,295.94,eft_transfer,transfer,online,,
TXN_00423,CUST_012,2026-01-02 08:24:00,408.09,pos_purchase,fuel,pos,,local
TXN_00424,CUST_012,2026-01-12 09:37:00,385.05,pos_purchase,retail_cashout,pos,,local
TXN_00425,CUST_012,2026-01-22 11:44:00,479.66,eft_transfer,transfer,online,,
TXN_00426,CUST_012,2026-01-16 09:10:00,96.59,pos_purchase,groceries,pos,,local
TXN_00427,CUST_012,2026-01-24 03:40:00,564.56,third_party_payment,transfer,online,,
TXN_00428,CUST_012,2026-01-09 04:30:00,325.66,third_party_payment,transfer,online,,
TXN_00429,CUST_012,2026-01-15 22:35:00,391.23,pos_purchase,retail_cashout,pos,,local
TXN_00430,CUST_012,2026-01-26 07:43:00,618.01,third_party_payment,transfer,online,,
TXN_00431,CUST_012,2026-01-18 14:33:00,704.85,eft_transfer,transfer,online,,
TXN_00432,CUST_012,2026-01-03 17:57:00,321.34,eft_transfer,transfer,online,,
TXN_00433,CUST_012,2026-01-07 10:54:00,201.62,eft_transfer,transfer,online,,
TXN_00434,CUST_012,2026-01-24 18:31:00,381.38,eft_transfer,transfer,online,,
TXN_00435,CUST_012,2026-01-27 01:29:00,724.17,pos_purchase,ecommerce,pos,,local
TXN_00436,CUST_012,2026-01-20 01:35:00,434.94,pos_purchase,ecommerce,pos,,local
TXN_00437,CUST_012,2026-01-25 00:25:00,554.58,third_party_payment,transfer,online,,
TXN_00438,CUST_012,2026-01-20 02:02:00,662.34,third_party_payment,transfer,online,,
TXN_00439,CUST_012,2026-01-24 02:34:00,750.81,atm_withdrawal,,atm,other_bank,
TXN_00440,CUST_012,2026-01-04 15:02:00,1414.96,atm_withdrawal,,atm,nedbank,
TXN_00441,CUST_012,2026-01-06 20:46:00,433.98,atm_withdrawal,,atm,nedbank,
TXN_00442,CUST_012,2026-01-30 12:28:00,746.47,atm_withdrawal,,atm,other_bank,
TXN_00443,CUST_012,2026-01-14 02:43:00,1378.8,atm_withdrawal,,atm,other_bank,
TXN_00444,CUST_012,2026-01-06 20:55:00,1336.92,atm_withdrawal,,atm,nedbank,
TXN_00445,CUST_012,2026-01-19 12:33:00,432.02,atm_withdrawal,,atm,nedbank,
TXN_00446,CUST_012,2026-01-28 00:48:00,1472.34,atm_withdrawal,,atm,nedbank,
TXN_00447,CUST_012,2026-01-19 12:52:00,331.5,electricity_purchase,utilities,online,,
TXN_00448,CUST_012,2026-01-06 08:12:00,52.18,airtime_purchase,airtime,online,,
TXN_00449,CUST_012,2026-01-21 00:15:00,24.19,airtime_purchase,airtime,online,,
TXN_00450,CUST_012,2026-01-16 19:43:00,28.75,airtime_purchase,airtime,online,,
TXN_00451,CUST_012,2026-01-14 14:14:00,51.82,airtime_purchase,airtime,online,,
TXN_00452,CUST_012,2026-01-06 16:18:00,118.07,airtime_purchase,airtime,online,,
TXN_00453,CUST_012,2026-01-20 19:49:00,126.05,airtime_purchase,airtime,online,,
TXN_00454,CUST_012,2026-01-23 16:14:00,218.45,electricity_purchase,utilities,online,,
TXN_00455,CUST_012,2026-01-19 18:56:00,250.25,electricity_purchase,utilities,online,,
TXN_00456,CUST_013,2026-01-04 16:00:00,-23592.79,income,,,,
TXN_00457,CUST_013,2026-01-06 09:24:00,572.23,third_party_payment,transfer,online,,
TXN_00458,CUST_013,2026-01-09 07:19:00,615.81,pos_purchase,ecommerce,pos,,local
TXN_00459,CUST_013,2026-01-31 01:35:00,158.26,eft_transfer,transfer,online,,
TXN_00460,CUST_013,2026-01-14 07:16:00,775.84,third_party_payment,transfer,online,,
TXN_00461,CUST_013,2026-01-31 14:54:00,297.7,pos_purchase,groceries,pos,,local
TXN_00462,CUST_013,2026-01-03 08:24:00,119.35,third_party_payment,transfer,online,,
TXN_00463,CUST_013,2026-01-29 02:12:00,503.73,eft_transfer,transfer,online,,
TXN_00464,CUST_013,2026-01-20 23:42:00,1246.05,atm_withdrawal,,atm,nedbank,
TXN_00465,CUST_013,2026-01-29 10:19:00,823.21,atm_withdrawal,,atm,other_bank,
TXN_00466,CUST_013,2026-01-31 06:47:00,219.93,atm_withdrawal,,atm,nedbank,
TXN_00467,CUST_013,2026-01-17 07:44:00,1499.44,atm_withdrawal,,atm,nedbank,
TXN_00468,CUST_013,2026-01-31 07:35:00,465.87,atm_withdrawal,,atm,nedbank,
TXN_00469,CUST_013,2026-01-16 17:41:00,567.98,atm_withdrawal,,atm,nedbank,
TXN_00470,CUST_013,2026-01-18 15:29:00,540.03,atm_withdrawal,,atm,nedbank,
TXN_00471,CUST_013,2026-01-17 10:58:00,1475.71,atm_withdrawal,,atm,nedbank,
TXN_00472,CUST_013,2026-01-03 18:55:00,606.8,atm_withdrawal,,atm,nedbank,
TXN_00473,CUST_013,2026-01-10 17:59:00,389.7,atm_withdrawal,,atm,nedbank,
TXN_00474,CUST_013,2026-01-11 04:12:00,1136.02,atm_withdrawal,,atm,nedbank,
TXN_00475,CUST_013,2026-01-28 07:31:00,693.79,atm_withdrawal,,atm,nedbank,
TXN_00476,CUST_013,2026-01-12 08:48:00,1426.5,atm_withdrawal,,atm,other_bank,
TXN_00477,CUST_013,2026-01-22 23:31:00,1456.46,atm_withdrawal,,atm,nedbank,
TXN_00478,CUST_013,2026-01-13 05:08:00,1152.6,atm_withdrawal,,atm,other_bank,
TXN_00479,CUST_013,2026-01-31 17:41:00,834.81,atm_withdrawal,,atm,other_bank,
TXN_00480,CUST_013,2026-01-28 21:03:00,129.08,airtime_purchase,airtime,online,,
TXN_00481,CUST_013,2026-01-04 22:09:00,73.61,airtime_purchase,airtime,online,,
TXN_00482,CUST_013,2026-01-13 01:39:00,48.43,airtime_purchase,airtime,online,,
TXN_00483,CUST_013,2026-01-02 17:35:00,429.64,electricity_purchase,utilities,online,,
TXN_00484,CUST_013,2026-01-19 09:01:00,105.93,electricity_purchase,utilities,online,,
TXN_00485,CUST_013,2026-01-05 03:33:00,503.08,electricity_purchase,utilities,online,,
TXN_00486,CUST_013,2026-01-28 11:17:00,51.33,airtime_purchase,airtime,online,,
TXN_00487,CUST_013,2026-01-16 18:15:00,139.51,electricity_purchase,utilities,online,,
TXN_00488,CUST_013,2026-01-22 20:48:00,59.0,airtime_purchase,airtime,online,,
TXN_00489,CUST_013,2026-01-14 17:30:00,32.16,airtime_purchase,airtime,online,,
TXN_00490,CUST_013,2026-01-04 15:54:00,102.78,airtime_purchase,airtime,online,,
TXN_00491,CUST_013,2026-01-20 03:57:00,422.45,electricity_purchase,utilities,online,,
TXN_00492,CUST_013,2026-01-10 01:59:00,49.87,airtime_purchase,airtime,online,,
TXN_00493,CUST_013,2026-01-30 17:36:00,108.98,airtime_purchase,airtime,online,,
TXN_00494,CUST_013,2026-01-02 06:37:00,43.32,airtime_purchase,airtime,online,,
TXN_00495,CUST_013,2026-01-31 02:19:00,117.79,airtime_purchase,airtime,online,,
TXN_00496,CUST_014,2026-01-03 12:00:00,-21700.73,income,,,,
TXN_00497,CUST_014,2026-01-18 23:22:00,154.96,eft_transfer,transfer,online,,
TXN_00498,CUST_014,2026-01-28 02:21:00,123.26,pos_purchase,fuel,pos,,local
TXN_00499,CUST_014,2026-01-26 10:01:00,626.75,eft_transfer,transfer,online,,
TXN_00500,CUST_014,2026-01-17 07:22:00,255.0,eft_transfer,transfer,online,,
TXN_00501,CUST_014,2026-01-07 21:37:00,755.86,eft_transfer,transfer,online,,
TXN_00502,CUST_014,2026-01-27 07:45:00,335.05,eft_transfer,transfer,online,,
TXN_00503,CUST_014,2026-01-14 22:50:00,111.53,pos_purchase,fuel,pos,,local
TXN_00504,CUST_014,2026-01-12 11:06:00,165.71,eft_transfer,transfer,online,,
TXN_00505,CUST_014,2026-01-16 11:48:00,53.9,pos_purchase,retail_cashout,pos,,local
TXN_00506,CUST_014,2026-01-06 02:11:00,550.7,atm_withdrawal,,atm,nedbank,
TXN_00507,CUST_014,2026-01-18 13:06:00,924.08,atm_withdrawal,,atm,nedbank,
TXN_00508,CUST_014,2026-01-04 19:38:00,660.09,atm_withdrawal,,atm,other_bank,
TXN_00509,CUST_014,2026-01-02 09:26:00,1322.83,atm_withdrawal,,atm,nedbank,
TXN_00510,CUST_014,2026-01-30 17:57:00,310.11,atm_withdrawal,,atm,other_bank,
TXN_00511,CUST_014,2026-01-18 05:43:00,515.57,atm_withdrawal,,atm,nedbank,
TXN_00512,CUST_014,2026-01-11 08:31:00,380.49,atm_withdrawal,,atm,nedbank,
TXN_00513,CUST_014,2026-01-10 13:19:00,417.37,atm_withdrawal,,atm,nedbank,
TXN_00514,CUST_014,2026-01-10 07:46:00,300.0,atm_withdrawal,,atm,nedbank,
TXN_00515,CUST_014,2026-01-08 14:06:00,971.95,atm_withdrawal,,atm,nedbank,
TXN_00516,CUST_014,2026-01-14 10:53:00,208.8,atm_withdrawal,,atm,nedbank,
TXN_00517,CUST_014,2026-01-12 14:21:00,1245.3,atm_withdrawal,,atm,nedbank,
TXN_00518,CUST_014,2026-01-22 19:08:00,1270.6,atm_withdrawal,,atm,nedbank,
TXN_00519,CUST_014,2026-01-24 06:30:00,984.17,atm_withdrawal,,atm,nedbank,
TXN_00520,CUST_014,2026-01-12 09:47:00,1453.95,atm_withdrawal,,atm,nedbank,
TXN_00521,CUST_014,2026-01-20 07:20:00,838.31,atm_withdrawal,,atm,nedbank,
TXN_00522,CUST_014,2026-01-14 11:07:00,1261.44,atm_withdrawal,,atm,other_bank,
TXN_00523,CUST_014,2026-01-19 05:43:00,459.74,atm_withdrawal,,atm,other_bank,
TXN_00524,CUST_014,2026-01-24 06:28:00,143.89,airtime_purchase,airtime,online,,
TXN_00525,CUST_014,2026-01-28 13:43:00,515.64,electricity_purchase,utilities,online,,
TXN_00526,CUST_014,2026-01-09 08:42:00,169.59,electricity_purchase,utilities,online,,
TXN_00527,CUST_014,2026-01-04 14:38:00,112.98,airtime_purchase,airtime,online,,
TXN_00528,CUST_014,2026-01-19 01:50:00,391.12,electricity_purchase,utilities,online,,
TXN_00529,CUST_014,2026-01-05 07:42:00,450.82,electricity_purchase,utilities,online,,
TXN_00530,CUST_014,2026-01-20 20:43:00,183.17,electricity_purchase,utilities,online,,
TXN_00531,CUST_014,2026-01-27 13:06:00,583.41,electricity_purchase,utilities,online,,
TXN_00532,CUST_014,2026-01-18 23:33:00,32.82,airtime_purchase,airtime,online,,
TXN_00533,CUST_015,2026-01-02 11:00:00,-22205.81,income,,,,
TXN_00534,CUST_015,2026-01-15 02:07:00,412.08,pos_purchase,retail_cashout,pos,,local
TXN_00535,CUST_015,2026-01-12 14:50:00,156.26,eft_transfer,transfer,online,,
TXN_00536,CUST_015,2026-01-17 03:28:00,440.84,pos_purchase,retail_cashout,pos,,local
TXN_00537,CUST_015,2026-01-04 09:02:00,572.57,eft_transfer,transfer,online,,
TXN_00538,CUST_015,2026-01-22 03:43:00,136.31,eft_transfer,transfer,online,,
TXN_00539,CUST_015,2026-01-18 05:35:00,747.44,pos_purchase,fuel,pos,,local
TXN_00540,CUST_015,2026-01-16 07:51:00,298.24,pos_purchase,ecommerce,pos,,local
TXN_00541,CUST_015,2026-01-22 21:27:00,522.32,third_party_payment,transfer,online,,
TXN_00542,CUST_015,2026-01-25 19:56:00,714.26,atm_withdrawal,,atm,nedbank,
TXN_00543,CUST_015,2026-01-14 00:45:00,969.86,atm_withdrawal,,atm,nedbank,
TXN_00544,CUST_015,2026-01-24 02:36:00,561.85,atm_withdrawal,,atm,nedbank,
TXN_00545,CUST_015,2026-01-07 11:20:00,1333.57,atm_withdrawal,,atm,nedbank,
TXN_00546,CUST_015,2026-01-23 15:33:00,348.14,atm_withdrawal,,atm,other_bank,
TXN_00547,CUST_015,2026-01-14 19:25:00,607.43,atm_withdrawal,,atm,nedbank,
TXN_00548,CUST_015,2026-01-29 14:39:00,652.3,atm_withdrawal,,atm,nedbank,
TXN_00549,CUST_015,2026-01-27 09:58:00,1075.67,atm_withdrawal,,atm,nedbank,
TXN_00550,CUST_015,2026-01-06 10:07:00,310.18,atm_withdrawal,,atm,nedbank,
TXN_00551,CUST_015,2026-01-13 22:09:00,352.03,atm_withdrawal,,atm,nedbank,
TXN_00552,CUST_015,2026-01-06 18:24:00,743.71,atm_withdrawal,,atm,nedbank,
TXN_00553,CUST_015,2026-01-19 22:58:00,832.67,atm_withdrawal,,atm,nedbank,
TXN_00554,CUST_015,2026-01-19 05:31:00,1499.87,atm_withdrawal,,atm,nedbank,
TXN_00555,CUST_015,2026-01-28 14:39:00,443.23,atm_withdrawal,,atm,nedbank,
TXN_00556,CUST_015,2026-01-02 15:08:00,666.75,atm_withdrawal,,atm,nedbank,
TXN_00557,CUST_015,2026-01-19 16:41:00,699.13,atm_withdrawal,,atm,nedbank,
TXN_00558,CUST_015,2026-01-15 22:53:00,1090.11,atm_withdrawal,,atm,nedbank,
TXN_00559,CUST_015,2026-01-27 07:18:00,30.75,airtime_purchase,airtime,online,,
TXN_00560,CUST_015,2026-01-07 14:36:00,55.73,airtime_purchase,airtime,online,,
TXN_00561,CUST_015,2026-01-20 03:17:00,374.86,electricity_purchase,utilities,online,,
TXN_00562,CUST_015,2026-01-26 23:28:00,371.02,electricity_purchase,utilities,online,,
TXN_00563,CUST_015,2026-01-25 20:48:00,148.67,airtime_purchase,airtime,online,,
TXN_00564,CUST_015,2026-01-16 08:22:00,58.7,airtime_purchase,airtime,online,,
TXN_00565,CUST_015,2026-01-26 07:13:00,77.08,airtime_purchase,airtime,online,,
TXN_00566,CUST_015,2026-01-07 19:08:00,530.52,electricity_purchase,utilities,online,,
TXN_00567,CUST_015,2026-01-20 11:34:00,125.76,airtime_purchase,airtime,online,,
TXN_00568,CUST_015,2026-01-12 22:18:00,398.43,electricity_purchase,utilities,online,,
TXN_00569,CUST_015,2026-01-06 13:58:00,386.37,electricity_purchase,utilities,online,,
TXN_00570,CUST_015,2026-01-24 04:15:00,149.02,airtime_purchase,airtime,online,,
TXN_00571,CUST_015,2026-01-26 21:25:00,112.48,airtime_purchase,airtime,online,,
TXN_00572,CUST_016,2026-01-04 02:00:00,-8836.23,income,,,,
TXN_00573,CUST_016,2026-01-14 16:47:00,645.95,eft_transfer,transfer,online,,
TXN_00574,CUST_016,2026-01-16 15:20:00,571.03,third_party_payment,transfer,online,,
TXN_00575,CUST_016,2026-01-25 14:40:00,51.85,eft_transfer,transfer,online,,
TXN_00576,CUST_016,2026-01-27 17:25:00,572.97,eft_transfer,transfer,online,,
TXN_00577,CUST_016,2026-01-17 08:20:00,776.1,pos_purchase,fuel,pos,,local
TXN_00578,CUST_016,2026-01-20 15:50:00,303.32,third_party_payment,transfer,online,,
TXN_00579,CUST_016,2026-01-03 03:40:00,720.62,third_party_payment,transfer,online,,
TXN_00580,CUST_016,2026-01-16 14:00:00,62.21,third_party_payment,transfer,online,,
TXN_00581,CUST_016,2026-01-30 20:19:00,201.74,third_party_payment,transfer,online,,
TXN_00582,CUST_016,2026-01-04 20:23:00,705.82,pos_purchase,retail_cashout,pos,,local
TXN_00583,CUST_016,2026-01-03 12:40:00,111.82,third_party_payment,transfer,online,,
TXN_00584,CUST_016,2026-01-15 20:05:00,594.49,third_party_payment,transfer,online,,
TXN_00585,CUST_016,2026-01-17 02:08:00,121.39,eft_transfer,transfer,online,,
TXN_00586,CUST_016,2026-01-02 00:44:00,219.64,eft_transfer,transfer,online,,
TXN_00587,CUST_016,2026-01-24 04:30:00,662.83,third_party_payment,transfer,online,,
TXN_00588,CUST_016,2026-01-25 03:06:00,221.71,pos_purchase,groceries,pos,,local
TXN_00589,CUST_016,2026-01-06 12:49:00,325.67,third_party_payment,transfer,online,,
TXN_00590,CUST_016,2026-01-04 16:36:00,531.18,pos_purchase,fuel,pos,,local
TXN_00591,CUST_016,2026-01-16 11:46:00,507.74,pos_purchase,fuel,pos,,local
TXN_00592,CUST_016,2026-01-31 13:39:00,521.06,pos_purchase,fuel,pos,,local
TXN_00593,CUST_016,2026-01-04 03:08:00,381.79,eft_transfer,transfer,online,,
TXN_00594,CUST_016,2026-01-13 13:20:00,492.18,pos_purchase,ecommerce,pos,,local
TXN_00595,CUST_016,2026-01-09 17:38:00,235.84,pos_purchase,groceries,pos,,local
TXN_00596,CUST_016,2026-01-26 22:01:00,590.88,eft_transfer,transfer,online,,
TXN_00597,CUST_016,2026-01-18 19:32:00,706.87,eft_transfer,transfer,online,,
TXN_00598,CUST_016,2026-01-22 01:50:00,610.88,pos_purchase,retail_cashout,pos,,local
TXN_00599,CUST_016,2026-01-09 15:40:00,421.17,pos_purchase,groceries,pos,,local
TXN_00600,CUST_016,2026-01-13 10:08:00,103.26,eft_transfer,transfer,online,,
TXN_00601,CUST_016,2026-01-13 17:43:00,695.61,third_party_payment,transfer,online,,
TXN_00602,CUST_016,2026-01-02 18:04:00,622.04,pos_purchase,groceries,pos,,local
TXN_00603,CUST_016,2026-01-31 01:50:00,246.64,pos_purchase,groceries,pos,,local
TXN_00604,CUST_016,2026-01-15 22:25:00,429.96,third_party_payment,transfer,online,,
TXN_00605,CUST_016,2026-01-10 02:19:00,530.4,pos_purchase,fuel,pos,,local
TXN_00606,CUST_016,2026-01-27 04:34:00,433.48,pos_purchase,fuel,pos,,local
TXN_00607,CUST_016,2026-01-11 22:27:00,343.05,third_party_payment,transfer,online,,
TXN_00608,CUST_016,2026-01-29 07:03:00,1148.95,atm_withdrawal,,atm,nedbank,
TXN_00609,CUST_016,2026-01-05 14:39:00,1402.02,atm_withdrawal,,atm,nedbank,
TXN_00610,CUST_016,2026-01-25 21:47:00,602.08,atm_withdrawal,,atm,nedbank,
TXN_00611,CUST_016,2026-01-06 22:00:00,216.46,atm_withdrawal,,atm,nedbank,
TXN_00612,CUST_016,2026-01-18 16:50:00,1438.92,atm_withdrawal,,atm,other_bank,
TXN_00613,CUST_016,2026-01-13 04:47:00,537.02,atm_withdrawal,,atm,other_bank,
TXN_00614,CUST_016,2026-01-26 00:21:00,466.47,electricity_purchase,utilities,online,,
TXN_00615,CUST_016,2026-01-10 22:36:00,235.99,electricity_purchase,utilities,online,,
TXN_00616,CUST_016,2026-01-03 15:54:00,84.5,airtime_purchase,airtime,online,,
TXN_00617,CUST_016,2026-01-26 03:57:00,67.8,airtime_purchase,airtime,online,,
TXN_00618,CUST_016,2026-01-03 00:15:00,49.69,airtime_purchase,airtime,online,,
TXN_00619,CUST_016,2026-01-31 04:11:00,81.33,airtime_purchase,airtime,online,,
TXN_00620,CUST_016,2026-01-09 10:15:00,91.87,airtime_purchase,airtime,online,,
TXN_00621,CUST_016,2026-01-10 02:36:00,557.93,electricity_purchase,utilities,online,,
TXN_00622,CUST_017,2026-01-01 12:00:00,-8141.73,income,,,,
TXN_00623,CUST_017,2026-01-26 09:20:00,707.74,pos_purchase,retail_cashout,pos,,local
TXN_00624,CUST_017,2026-01-13 06:18:00,464.82,pos_purchase,groceries,pos,,local
TXN_00625,CUST_017,2026-01-16 11:37:00,638.38,eft_transfer,transfer,online,,
TXN_00626,CUST_017,2026-01-25 17:48:00,798.34,third_party_payment,transfer,online,,
TXN_00627,CUST_017,2026-01-02 07:34:00,162.92,pos_purchase,ecommerce,pos,,local
TXN_00628,CUST_017,2026-01-12 00:48:00,526.96,third_party_payment,transfer,online,,
TXN_00629,CUST_017,2026-01-05 06:33:00,332.21,eft_transfer,transfer,online,,
TXN_00630,CUST_017,2026-01-06 22:17:00,364.86,pos_purchase,groceries,pos,,local
TXN_00631,CUST_017,2026-01-30 16:26:00,82.93,pos_purchase,fuel,pos,,local
TXN_00632,CUST_017,2026-01-25 02:37:00,721.68,eft_transfer,transfer,online,,
TXN_00633,CUST_017,2026-01-04 18:36:00,429.07,pos_purchase,ecommerce,pos,,local
TXN_00634,CUST_017,2026-01-09 09:16:00,376.24,pos_purchase,fuel,pos,,local
TXN_00635,CUST_017,2026-01-24 23:20:00,744.53,third_party_payment,transfer,online,,
TXN_00636,CUST_017,2026-01-04 06:08:00,389.57,third_party_payment,transfer,online,,
TXN_00637,CUST_017,2026-01-07 14:29:00,131.73,eft_transfer,transfer,online,,
TXN_00638,CUST_017,2026-01-26 06:28:00,354.88,third_party_payment,transfer,online,,
TXN_00639,CUST_017,2026-01-04 05:51:00,397.51,third_party_payment,transfer,online,,
TXN_00640,CUST_017,2026-01-08 10:09:00,278.16,eft_transfer,transfer,online,,
TXN_00641,CUST_017,2026-01-14 16:03:00,583.37,pos_purchase,retail_cashout,pos,,local
TXN_00642,CUST_017,2026-01-02 12:54:00,274.13,eft_transfer,transfer,online,,
TXN_00643,CUST_017,2026-01-25 17:15:00,787.86,atm_withdrawal,,atm,nedbank,
TXN_00644,CUST_017,2026-01-27 04:07:00,332.48,atm_withdrawal,,atm,nedbank,
TXN_00645,CUST_017,2026-01-09 04:12:00,1279.48,atm_withdrawal,,atm,other_bank,
TXN_00646,CUST_017,2026-01-22 20:05:00,683.91,atm_withdrawal,,atm,nedbank,
TXN_00647,CUST_017,2026-01-02 02:12:00,558.71,electricity_purchase,utilities,online,,
TXN_00648,CUST_017,2026-01-30 10:07:00,504.65,electricity_purchase,utilities,online,,
TXN_00649,CUST_017,2026-01-07 18:27:00,142.5,airtime_purchase,airtime,online,,
TXN_00650,CUST_017,2026-01-23 13:11:00,348.06,electricity_purchase,utilities,online,,
TXN_00651,CUST_017,2026-01-10 08:28:00,207.36,electricity_purchase,utilities,online,,
TXN_00652,CUST_017,2026-01-22 09:31:00,24.5,airtime_purchase,airtime,online,,
TXN_00653,CUST_018,2026-01-04 06:00:00,-31424.75,income,,,,
TXN_00654,CUST_018,2026-01-22 17:50:00,713.49,eft_transfer,transfer,online,,
TXN_00655,CUST_018,2026-01-17 17:50:00,792.05,pos_purchase,retail_cashout,pos,,local
TXN_00656,CUST_018,2026-01-14 08:11:00,308.03,third_party_payment,transfer,online,,
TXN_00657,CUST_018,2026-01-02 08:03:00,289.16,pos_purchase,fuel,pos,,local
TXN_00658,CUST_018,2026-01-07 03:15:00,447.07,third_party_payment,transfer,online,,
TXN_00659,CUST_018,2026-01-26 07:36:00,230.86,eft_transfer,transfer,online,,
TXN_00660,CUST_018,2026-01-27 12:22:00,1300.46,atm_withdrawal,,atm,other_bank,
TXN_00661,CUST_018,2026-01-07 05:15:00,1489.0,atm_withdrawal,,atm,nedbank,
TXN_00662,CUST_018,2026-01-24 11:58:00,1248.07,atm_withdrawal,,atm,nedbank,
TXN_00663,CUST_018,2026-01-13 18:36:00,1114.49,atm_withdrawal,,atm,nedbank,
TXN_00664,CUST_018,2026-01-28 15:34:00,1432.88,atm_withdrawal,,atm,nedbank,
TXN_00665,CUST_018,2026-01-04 01:14:00,837.57,atm_withdrawal,,atm,nedbank,
TXN_00666,CUST_018,2026-01-17 00:21:00,225.91,atm_withdrawal,,atm,other_bank,
TXN_00667,CUST_018,2026-01-06 10:45:00,461.9,atm_withdrawal,,atm,nedbank,
TXN_00668,CUST_018,2026-01-29 10:03:00,1243.15,atm_withdrawal,,atm,nedbank,
TXN_00669,CUST_018,2026-01-31 04:49:00,962.59,atm_withdrawal,,atm,nedbank,
TXN_00670,CUST_018,2026-01-13 02:23:00,884.18,atm_withdrawal,,atm,other_bank,
TXN_00671,CUST_018,2026-01-11 10:08:00,393.01,electricity_purchase,utilities,online,,
TXN_00672,CUST_018,2026-01-27 20:31:00,115.21,airtime_purchase,airtime,online,,
TXN_00673,CUST_018,2026-01-09 21:37:00,187.1,electricity_purchase,utilities,online,,
TXN_00674,CUST_018,2026-01-06 05:46:00,69.19,airtime_purchase,airtime,online,,
TXN_00675,CUST_018,2026-01-29 18:02:00,143.34,airtime_purchase,airtime,online,,
TXN_00676,CUST_018,2026-01-22 18:06:00,98.31,airtime_purchase,airtime,online,,
TXN_00677,CUST_018,2026-01-09 11:20:00,170.32,electricity_purchase,utilities,online,,
TXN_00678,CUST_018,2026-01-28 22:42:00,102.7,airtime_purchase,airtime,online,,
TXN_00679,CUST_018,2026-01-08 07:44:00,323.31,electricity_purchase,utilities,online,,
TXN_00680,CUST_019,2026-01-04 23:00:00,-15189.68,income,,,,
TXN_00681,CUST_019,2026-01-17 12:22:00,776.83,third_party_payment,transfer,online,,
TXN_00682,CUST_019,2026-01-27 18:41:00,331.51,eft_transfer,transfer,online,,
TXN_00683,CUST_019,2026-01-04 01:18:00,219.19,eft_transfer,transfer,online,,
TXN_00684,CUST_019,2026-01-04 10:10:00,289.04,pos_purchase,groceries,pos,,local
TXN_00685,CUST_019,2026-01-19 02:21:00,170.68,third_party_payment,transfer,online,,
TXN_00686,CUST_019,2026-01-24 00:27:00,788.96,eft_transfer,transfer,online,,
TXN_00687,CUST_019,2026-01-07 01:06:00,173.75,eft_transfer,transfer,online,,
TXN_00688,CUST_019,2026-01-15 22:35:00,204.16,third_party_payment,transfer,online,,
TXN_00689,CUST_019,2026-01-23 09:19:00,744.18,eft_transfer,transfer,online,,
TXN_00690,CUST_019,2026-01-20 17:53:00,121.94,pos_purchase,ecommerce,pos,,local
TXN_00691,CUST_019,2026-01-02 13:05:00,165.19,third_party_payment,transfer,online,,
TXN_00692,CUST_019,2026-01-08 03:01:00,667.92,third_party_payment,transfer,online,,
TXN_00693,CUST_019,2026-01-04 15:54:00,178.12,pos_purchase,retail_cashout,pos,,local
TXN_00694,CUST_019,2026-01-17 15:57:00,281.27,pos_purchase,ecommerce,pos,,local
TXN_00695,CUST_019,2026-01-07 11:56:00,248.75,eft_transfer,transfer,online,,
TXN_00696,CUST_019,2026-01-03 08:28:00,327.05,third_party_payment,transfer,online,,
TXN_00697,CUST_019,2026-01-20 01:09:00,247.55,third_party_payment,transfer,online,,
TXN_00698,CUST_019,2026-01-23 11:51:00,550.6,eft_transfer,transfer,online,,
TXN_00699,CUST_019,2026-01-26 18:14:00,903.88,atm_withdrawal,,atm,nedbank,
TXN_00700,CUST_019,2026-01-28 16:26:00,1293.04,atm_withdrawal,,atm,other_bank,
TXN_00701,CUST_019,2026-01-31 15:36:00,1093.19,atm_withdrawal,,atm,other_bank,
TXN_00702,CUST_019,2026-01-04 12:57:00,819.14,atm_withdrawal,,atm,other_bank,
TXN_00703,CUST_019,2026-01-20 16:51:00,245.15,atm_withdrawal,,atm,nedbank,
TXN_00704,CUST_019,2026-01-06 03:48:00,1477.58,atm_withdrawal,,atm,nedbank,
TXN_00705,CUST_019,2026-01-06 01:27:00,146.38,airtime_purchase,airtime,online,,
TXN_00706,CUST_019,2026-01-08 20:09:00,148.48,airtime_purchase,airtime,online,,
TXN_00707,CUST_019,2026-01-04 12:35:00,259.87,electricity_purchase,utilities,online,,
TXN_00708,CUST_019,2026-01-18 14:58:00,376.03,electricity_purchase,utilities,online,,
TXN_00709,CUST_019,2026-01-05 13:09:00,122.25,airtime_purchase,airtime,online,,
TXN_00710,CUST_020,2026-01-01 09:00:00,-21781.11,income,,,,
TXN_00711,CUST_020,2026-01-10 12:41:00,710.1,eft_transfer,transfer,online,,
TXN_00712,CUST_020,2026-01-03 05:17:00,479.02,third_party_payment,transfer,online,,
TXN_00713,CUST_020,2026-01-03 12:56:00,157.89,third_party_payment,transfer,online,,
TXN_00714,CUST_020,2026-01-25 15:58:00,567.89,third_party_payment,transfer,online,,
TXN_00715,CUST_020,2026-01-12 09:19:00,722.77,third_party_payment,transfer,online,,
TXN_00716,CUST_020,2026-01-29 07:08:00,682.13,third_party_payment,transfer,online,,
TXN_00717,CUST_020,2026-01-26 10:17:00,780.66,third_party_payment,transfer,online,,
TXN_00718,CUST_020,2026-01-08 14:13:00,362.58,eft_transfer,transfer,online,,
TXN_00719,CUST_020,2026-01-28 01:32:00,605.71,third_party_payment,transfer,online,,
TXN_00720,CUST_020,2026-01-04 09:45:00,1228.94,atm_withdrawal,,atm,nedbank,
TXN_00721,CUST_020,2026-01-29 16:56:00,376.34,atm_withdrawal,,atm,nedbank,
TXN_00722,CUST_020,2026-01-30 06:53:00,425.86,atm_withdrawal,,atm,nedbank,
TXN_00723,CUST_020,2026-01-03 11:45:00,242.99,atm_withdrawal,,atm,nedbank,
TXN_00724,CUST_020,2026-01-16 16:25:00,678.86,atm_withdrawal,,atm,nedbank,
TXN_00725,CUST_020,2026-01-02 07:23:00,361.03,atm_withdrawal,,atm,nedbank,
TXN_00726,CUST_020,2026-01-29 15:37:00,779.93,atm_withdrawal,,atm,nedbank,
TXN_00727,CUST_020,2026-01-28 08:47:00,647.52,atm_withdrawal,,atm,other_bank,
TXN_00728,CUST_020,2026-01-02 12:03:00,317.51,atm_withdrawal,,atm,nedbank,
TXN_00729,CUST_020,2026-01-08 07:41:00,943.94,atm_withdrawal,,atm,nedbank,
TXN_00730,CUST_020,2026-01-22 13:32:00,468.75,atm_withdrawal,,atm,nedbank,
TXN_00731,CUST_020,2026-01-26 21:00:00,1214.39,atm_withdrawal,,atm,nedbank,
TXN_00732,CUST_020,2026-01-07 19:51:00,372.01,atm_withdrawal,,atm,nedbank,
TXN_00733,CUST_020,2026-01-27 09:45:00,528.11,atm_withdrawal,,atm,other_bank,
TXN_00734,CUST_020,2026-01-15 12:54:00,1035.56,atm_withdrawal,,atm,nedbank,
TXN_00735,CUST_020,2026-01-23 16:52:00,209.1,electricity_purchase,utilities,online,,
TXN_00736,CUST_020,2026-01-18 21:53:00,392.24,electricity_purchase,utilities,online,,
TXN_00737,CUST_020,2026-01-11 21:06:00,380.73,electricity_purchase,utilities,online,,
